{
  "summary": {
    "baseline_hit_at_3": 0.8800000000000001,
    "hyde_hit_at_3": 0.8800000000000001,
    "delta": 0.0
  },
  "detailed_results": {
    "baseline": {
      "q1": {
        "tokens": [
          "中的",
          "智能",
          "在医",
          "应用",
          "疗中",
          "能在",
          "工智",
          "医疗",
          "人工",
          "的应",
          "人工智能在医疗中的应用"
        ],
        "ranked_docs": [
          [
            "d1",
            11.946790047600093
          ],
          [
            "d7",
            4.017383521085972
          ],
          [
            "d2",
            3.324236340526027
          ],
          [
            "d5",
            3.324236340526027
          ],
          [
            "d3",
            1.2039728043259361
          ],
          [
            "d10",
            1.2039728043259361
          ],
          [
            "d9",
            0.9162907318741551
          ]
        ],
        "hit_at_3": 0.4
      },
      "q2": {
        "tokens": [
          "的基",
          "机器学习的基本原理",
          "机器",
          "本原",
          "基本",
          "学习",
          "器学",
          "习的",
          "原理"
        ],
        "ranked_docs": [
          [
            "d4",
            6.725433722188183
          ],
          [
            "d2",
            4.422848629194137
          ],
          [
            "d3",
            1.2039728043259361
          ]
        ],
        "hit_at_3": 1.0
      },
      "q3": {
        "tokens": [
          "然语",
          "术的",
          "处理",
          "自然",
          "应用",
          "技术",
          "言处",
          "用场",
          "场景",
          "理技",
          "自然语言处理技术的应用场景",
          "的应",
          "语言"
        ],
        "ranked_docs": [
          [
            "d3",
            15.71263054285016
          ],
          [
            "d1",
            4.199705077879927
          ],
          [
            "d7",
            1.2039728043259361
          ],
          [
            "d5",
            0.6931471805599453
          ],
          [
            "d8",
            0.6931471805599453
          ],
          [
            "d10",
            0.6931471805599453
          ]
        ],
        "hit_at_3": 1.0
      },
      "q4": {
        "tokens": [
          "经网",
          "深度",
          "度学",
          "与神",
          "网络",
          "学习",
          "神经",
          "习与",
          "深度学习与神经网络"
        ],
        "ranked_docs": [
          [
            "d4",
            13.12236337740433
          ],
          [
            "d2",
            1.6094379124341003
          ]
        ],
        "hit_at_3": 1.0
      },
      "q5": {
        "tokens": [
          "数据挖掘的主要技术",
          "要技",
          "数据",
          "掘的",
          "技术",
          "挖掘",
          "主要",
          "的主",
          "据挖"
        ],
        "ranked_docs": [
          [
            "d5",
            6.907755278982138
          ],
          [
            "d2",
            1.6094379124341003
          ],
          [
            "d1",
            0.6931471805599453
          ],
          [
            "d3",
            0.6931471805599453
          ],
          [
            "d8",
            0.6931471805599453
          ],
          [
            "d10",
            0.6931471805599453
          ]
        ],
        "hit_at_3": 1.0
      }
    },
    "hyde": {
      "q1": {
        "tokens": [
          "诊断",
          "中的",
          "智能",
          "在医",
          "方法",
          "应用",
          "疗中",
          "能在",
          "远程医疗",
          "工智",
          "医疗",
          "人工",
          "的应",
          "医疗影像",
          "药物研发",
          "人工智能在医疗中的应用"
        ],
        "ranked_docs": [
          [
            "d1",
            13.556227960034192
          ],
          [
            "d7",
            4.017383521085972
          ],
          [
            "d2",
            3.324236340526027
          ],
          [
            "d5",
            3.324236340526027
          ],
          [
            "d9",
            2.5257286443082556
          ],
          [
            "d6",
            2.302585092994046
          ],
          [
            "d3",
            1.2039728043259361
          ],
          [
            "d10",
            1.2039728043259361
          ]
        ],
        "hit_at_3": 0.4
      },
      "q2": {
        "tokens": [
          "的基",
          "机器学习的基本原理",
          "机器",
          "发现",
          "本原",
          "基本",
          "学习",
          "器学",
          "习的",
          "原理"
        ],
        "ranked_docs": [
          [
            "d4",
            6.725433722188183
          ],
          [
            "d2",
            4.422848629194137
          ],
          [
            "d5",
            1.6094379124341003
          ],
          [
            "d8",
            1.6094379124341003
          ],
          [
            "d3",
            1.2039728043259361
          ]
        ],
        "hit_at_3": 1.0
      },
      "q3": {
        "tokens": [
          "然语",
          "术的",
          "处理",
          "自然",
          "应用",
          "技术",
          "工具",
          "言处",
          "用场",
          "场景",
          "理技",
          "自然语言处理技术的应用场景",
          "的应",
          "语言"
        ],
        "ranked_docs": [
          [
            "d3",
            15.71263054285016
          ],
          [
            "d1",
            4.199705077879927
          ],
          [
            "d7",
            1.2039728043259361
          ],
          [
            "d5",
            0.6931471805599453
          ],
          [
            "d8",
            0.6931471805599453
          ],
          [
            "d10",
            0.6931471805599453
          ]
        ],
        "hit_at_3": 1.0
      },
      "q4": {
        "tokens": [
          "经网",
          "深度",
          "度学",
          "与神",
          "网络",
          "分析",
          "学习",
          "神经",
          "习与",
          "深度学习与神经网络"
        ],
        "ranked_docs": [
          [
            "d4",
            13.12236337740433
          ],
          [
            "d7",
            2.302585092994046
          ],
          [
            "d2",
            1.6094379124341003
          ]
        ],
        "hit_at_3": 1.0
      },
      "q5": {
        "tokens": [
          "数据挖掘的主要技术",
          "要技",
          "数据",
          "掘的",
          "技术",
          "挖掘",
          "工具",
          "主要",
          "的主",
          "据挖"
        ],
        "ranked_docs": [
          [
            "d5",
            6.907755278982138
          ],
          [
            "d2",
            1.6094379124341003
          ],
          [
            "d1",
            0.6931471805599453
          ],
          [
            "d3",
            0.6931471805599453
          ],
          [
            "d8",
            0.6931471805599453
          ],
          [
            "d10",
            0.6931471805599453
          ]
        ],
        "hit_at_3": 1.0
      }
    }
  }
}