k,ecommerce,finance,faq,medical,news,overall
3,0.95,0.8695652173913043,0.8888888888888888,0.95,1.0,0.9316908212560386
5,0.95,0.9130434782608695,0.9444444444444444,0.95,1.0,0.9514975845410628
10,0.95,0.9130434782608695,0.9444444444444444,1.0,1.0,0.9614975845410628
