k,ecommerce,finance,faq,medical,news,overall
3,0.9131771043387268,0.8893571872136509,0.8497166680127611,0.8785478096800198,0.9102226949453022,0.8882042928380921
5,0.9171483921433007,0.9046102190089771,0.8480061336209284,0.8844522660060669,0.8890394358842157,0.8886512893326977
10,0.9419334123243279,0.9276298948619981,0.8948593199874382,0.9028802637601322,0.9300028987413389,0.919461157935047
