query,bucket,ndcg_std,ndcg_range,ndcg@3,ndcg@5,ndcg@10
理财产品推荐_29,finance,0.13864108443849799,0.32538985967909106,0.5,0.7468801763961029,0.8253898596790911
如何重置密码_4,faq,0.1214492733414426,0.2918507198452549,0.531888365199336,0.7277340113049863,0.8237390850445909
政治新闻摘要_71,news,0.11271860011365338,0.2718499621659648,0.506791688954579,0.6009091204216095,0.7786416511205438
治疗糖尿病的方法_32,medical,0.10353992746154168,0.24358510039923853,0.7984848580994974,0.6155200204491413,0.8591051208483799
厨房电器选购指南_20,ecommerce,0.09795185653681322,0.2338869232936538,0.31939394323979897,0.38998842183727117,0.5532808665334528
