nlist,nprobe,m,nbits,avg_query_time_ms,recall_at_k,compression_ratio
128,16,8,8,0.010957717895507812,0.023,0.0078125
128,64,8,8,0.022461414337158203,0.023,0.0078125
128,16,16,8,0.03264188766479492,0.073,0.015625
128,64,16,8,0.05759000778198242,0.084,0.015625
256,16,8,8,0.010547637939453125,0.033,0.0078125
256,64,8,8,0.019006729125976562,0.032,0.0078125
256,16,16,8,0.03830671310424805,0.074,0.015625
256,64,16,8,0.10039567947387695,0.092,0.015625
