overlap_ratio,overlap_size,num_chunks,coverage,redundancy,avg_chunk_size
0.0,0,12,1.0,1.00390625,477.5
0.1,51,13,1.0,1.107485604606526,488.46153846153845
0.15,76,14,1.0,1.1653846153846155,480.42857142857144
0.2,102,15,1.0,1.2380952380952381,477.73333333333335
0.3,153,17,1.0,1.4106463878326996,481.52941176470586
