{
  "最佳配置": {
    "法律文档": {
      "分块大小": 1024,
      "重叠率": 0.0,
      "Top-K": 3,
      "窗口大小": 512,
      "F1": 0.9644497875113788,
      "nDCG": 0.954125633213814,
      "存储开销": 1.0,
      "延迟(ms)": 117.44000000000001,
      "加权得分": 0.946805599319672
    },
    "客服对话": {
      "分块大小": 128,
      "重叠率": 0.0,
      "Top-K": 5,
      "窗口大小": 512,
      "F1": 0.98,
      "nDCG": 0.9786231527958742,
      "存储开销": 1.0,
      "延迟(ms)": 112.48,
      "加权得分": 0.9610909458387623
    },
    "学术论文": {
      "分块大小": 512,
      "重叠率": 0.0,
      "Top-K": 10,
      "窗口大小": 512,
      "F1": 0.98,
      "nDCG": 0.9746860676940213,
      "存储开销": 1.0,
      "延迟(ms)": 126.32000000000001,
      "加权得分": 0.9125683416620869
    }
  },
  "平均指标": {
    "F1": 0.7384611992230592,
    "nDCG": 0.693877957674181,
    "存储开销": 1.148681640625,
    "延迟(ms)": 92.976
  },
  "关键发现": [
    "法律文档最适合的分块大小为 1024，F1达到 0.96",
    "客服对话最适合的分块大小为 128，F1达到 0.98",
    "学术论文最适合的分块大小为 512，F1达到 0.98",
    "重叠率对F1的提升在 0.0 到 0.2 之间最显著，超过0.2后边际效益递减",
    "增加窗口大小可以提高表格和图像的信息保留率，但会增加延迟"
  ],
  "权衡说明": [
    "分块大小增加会提高信息完整性，但会增加延迟和降低精确匹配能力",
    "重叠率增加会提高召回率，但会增加存储开销和索引大小",
    "Top-K值增加会提高召回率，但会增加延迟和降低精确率",
    "窗口大小增加会提高上下文理解和多模态信息保留，但会增加延迟和内存消耗"
  ]
}