domain,n_queries,avg_recall_a,avg_recall_b,avg_recall_diff,recall_significant,avg_ndcg_a,avg_ndcg_b,avg_ndcg_diff,ndcg_significant,avg_hallucination_a,avg_hallucination_b,avg_hallucination_diff,hallucination_significant
medical,200,0.22959549144815353,0.22136355496708318,-0.008231936481070306,,0.9739693050924976,0.9428238188933296,-0.0311454861991681,,0.016,0.051,-0.035,*
legal,200,0.24264228706466615,0.24028160750951374,-0.002360679555152403,,0.9658664610133737,0.930229622737455,-0.03563683827591861,,0.08650000000000001,0.1015,-0.015,
finance,200,0.2299513302230762,0.21947968396887377,-0.010471646254202467,,0.9714870033447337,0.9405653832893498,-0.030921620055383795,,0.016,0.060500000000000005,-0.044500000000000005,*
overall,600,0.07802101208176619,0.07568053849394119,-0.002340473587825019,,0.3234803077167339,0.312624313880015,-0.010855993836718945,,0.013166666666666665,0.02366666666666667,-0.010499999999999999,
